ACC_X,ACC_Y,ACC_Z,GIR_X,GIR_Y,GIR_Z
0.0,0.0,0.0,0.0,0.0,0.0
0.53,-0.76,-0.14,-54.5,-51.15,69.15
0.48,-0.56,-0.08,-60.0,-81.67,75.99
0.35,-0.48,0.08,-53.59,-106.87,76.42
0.24,-0.37,0.58,-41.63,-143.8,76.84
0.18,-0.27,1.05,-48.83,-142.52,81.54
0.12,-0.2,1.21,-54.87,-128.05,87.22
0.06,-0.12,1.31,-96.07,-89.17,92.77
-0.05,-0.19,1.23,-111.02,-68.36,89.6
-0.25,-0.15,0.97,-102.72,-47.42,100.52
-0.48,0.14,0.97,-62.38,-57.43,118.77
-0.65,0.18,1.0,-49.68,-59.33,121.22
-1.01,0.03,0.95,-35.1,-52.73,140.32
-1.18,0.05,0.89,-19.04,-50.05,168.15
-1.52,0.43,1.06,45.35,-66.1,244.08
-1.47,1.21,1.14,108.76,-77.27,315.06
-1.26,1.68,1.16,142.21,-89.11,335.14
-0.4,2.14,1.42,155.27,-133.85,303.83
0.11,2.29,1.56,178.65,-148.32,270.63
0.68,2.6,2.28,283.94,-178.59,197.94
0.66,2.54,3.25,167.11,-128.11,88.93
0.41,2.51,3.25,82.52,-44.8,36.32
-0.5,1.94,2.22,-144.84,142.52,-86.55
-0.8,1.26,1.68,-221.31,185.06,-149.23
-1.2,0.46,1.23,-286.99,179.08,-172.12
-1.34,0.94,0.76,-193.3,153.75,-112.24
-1.23,1.1,0.62,-165.34,132.02,-116.39
-1.07,0.98,0.61,-103.15,69.58,-160.28
-1.01,0.68,0.69,-61.28,45.04,-183.59
-0.78,0.25,1.05,-5.86,12.39,-187.19
-0.64,-0.05,1.16,-4.7,27.83,-175.48
-0.37,-0.12,0.9,-6.23,49.74,-166.32
-0.11,-0.3,0.49,-0.43,42.24,-152.59
0.01,-0.47,0.63,-1.46,12.15,-150.33
0.23,-0.54,0.81,18.74,-9.89,-126.28
0.3,-0.81,0.78,43.21,-3.54,-118.65
0.46,-1.0,0.86,46.45,-7.02,-111.57
0.65,-1.06,1.06,25.88,-0.06,-66.04
0.76,-0.92,1.03,10.56,16.54,-43.58
0.92,-0.6,0.63,-2.99,50.6,-27.28
0.92,-0.94,0.52,-38.15,46.26,-48.65
0.94,-1.09,0.49,-56.64,44.07,-49.32
1.04,-1.0,0.27,-16.11,31.92,-33.2
1.06,-1.08,0.4,14.47,6.71,-36.93
1.08,-1.18,1.14,41.2,-35.03,-41.5
1.04,-1.29,1.33,-24.54,7.39,-55.05
0.84,-1.89,1.35,-70.92,29.11,-59.45
0.8,-1.83,1.12,-123.29,67.75,-18.01
0.83,-1.56,0.86,-107.18,77.76,4.03
0.84,-1.22,0.55,-58.72,59.69,19.41
0.84,-1.08,0.62,-11.05,27.89,29.11
0.82,-0.88,0.61,17.7,21.48,30.82
0.77,-0.81,0.55,36.87,26.61,30.94
0.76,-0.8,0.48,28.32,31.68,33.75
0.75,-0.69,0.34,15.5,32.47,46.2
0.76,-0.59,0.29,38.51,15.14,55.66
0.73,-0.5,0.38,40.77,4.52,56.15
0.67,-0.45,0.42,41.08,-0.98,59.81
0.65,-0.43,0.38,36.99,-0.67,62.62
0.57,-0.5,0.43,30.94,-11.72,68.42
0.52,-0.53,0.49,7.81,-17.76,85.02
0.47,-0.38,0.41,-1.89,-16.97,96.25
0.41,-0.19,0.41,-18.8,-29.91,107.79
0.37,-0.1,0.5,-25.09,-40.1,109.07
0.28,0.08,0.58,-50.84,-45.84,103.33
0.15,0.0,0.65,-69.64,-56.4,82.34
-0.17,-0.47,1.0,-61.71,-57.25,86.79
-0.34,-0.03,0.77,-27.95,-32.04,133.73
-0.45,0.22,0.59,-13.31,-30.4,143.55
-0.74,0.44,0.38,-23.44,-50.29,136.05
-1.02,0.48,0.39,7.87,-90.03,130.0
-1.53,0.57,0.61,37.05,-111.57,133.91
-2.0,0.79,0.91,110.05,-142.58,167.79
-2.13,0.65,1.04,137.63,-161.01,185.49
-1.58,0.45,1.7,301.76,-263.61,251.22
-1.1,1.15,2.24,571.11,-381.41,350.77
-0.08,2.52,3.71,562.62,-414.37,307.19
0.55,2.05,4.0,142.03,-223.45,111.02
0.44,1.83,4.0,-84.84,-22.58,56.7
-0.15,1.69,2.28,-355.35,285.71,-10.38
-0.45,1.41,1.43,-450.44,325.01,-103.82
-0.87,1.0,0.64,-430.91,278.02,-124.51
-1.07,1.29,0.8,-282.9,156.19,-122.62
-1.24,1.36,0.88,-185.3,126.46,-129.64
-1.23,1.59,0.73,-130.98,114.69,-137.15
-1.19,1.7,0.67,-96.98,84.72,-174.56
-1.07,1.43,0.46,-51.09,67.44,-206.12
-0.87,0.64,0.34,43.4,24.17,-256.16
-0.71,0.22,0.39,101.56,-1.22,-262.21
-0.32,-0.06,0.64,144.41,-28.56,-222.53
-0.14,0.03,0.76,135.25,-18.37,-182.31
0.06,0.0,0.91,66.16,-5.74,-182.13
0.13,-0.4,0.92,2.69,23.56,-189.15
0.21,-0.52,0.78,-12.45,39.43,-181.95
0.4,-0.51,0.46,-24.54,44.86,-158.57
0.47,-0.51,0.4,-25.57,19.71,-152.4
0.56,-0.57,0.53,-20.63,8.36,-149.78
0.6,-0.72,0.5,-45.23,13.85,-144.84
0.59,-0.83,0.42,-62.56,17.09,-140.2
0.63,-1.09,0.46,-99.55,2.81,-126.71
0.65,-1.08,0.48,-100.04,-21.79,-100.71
0.66,-1.02,0.55,-66.35,-33.57,-97.35
0.62,-1.16,1.01,-16.72,-73.36,-99.06
0.58,-1.22,1.22,-10.5,-77.7,-98.21
0.51,-1.47,1.43,-28.69,-58.84,-97.41
0.46,-1.62,1.57,-46.14,-50.17,-85.14
0.39,-1.77,1.79,-91.13,-20.2,-69.89
0.39,-1.59,1.41,-127.5,26.79,-37.72
0.4,-1.54,1.32,-148.56,30.15,-30.27
0.42,-1.39,1.29,-167.72,28.99,-13.06
0.43,-1.25,1.18,-154.17,34.67,5.31
0.47,-1.02,0.91,-140.75,42.18,9.95
0.47,-0.93,0.85,-117.43,29.11,12.88
0.45,-0.91,0.84,-95.28,20.75,16.36
0.45,-0.62,0.74,-65.61,9.58,34.0
0.44,-0.51,0.61,-46.2,3.72,36.25
0.4,-0.42,0.56,-27.89,-26.18,34.79
0.33,-0.32,0.97,-16.11,-60.79,42.24
0.29,-0.19,1.17,-29.6,-61.34,48.77
0.17,0.09,1.17,-90.82,-20.02,50.42
0.1,0.16,1.03,-102.66,1.28,44.62
-0.12,0.17,0.85,-123.66,13.67,30.7
-0.36,0.01,0.64,-106.99,4.46,28.44
-0.47,-0.01,0.55,-87.95,-6.47,43.4
-0.74,0.16,0.48,-41.63,-38.57,95.09
-0.89,0.3,0.53,-18.68,-54.99,123.23
-1.06,0.91,0.46,39.12,-60.0,192.08
-1.16,1.72,0.1,42.48,-45.72,245.85
-1.0,1.92,-0.02,23.68,-48.16,259.16
-0.78,2.37,-0.07,-5.98,-59.94,280.4
-0.53,2.75,0.05,-12.88,-70.25,297.24
0.08,3.48,1.15,-36.44,-102.48,282.65
0.54,3.69,2.78,-110.35,-21.73,165.89
0.58,3.47,2.6,-89.84,101.75,67.63
0.44,2.34,0.45,-76.72,334.47,-127.14
0.46,1.77,-0.29,-88.93,347.35,-186.04
0.33,0.84,-0.9,-114.69,270.94,-231.14
0.17,0.76,-1.04,-120.73,168.95,-190.67
0.1,1.12,-1.13,-133.12,125.79,-160.22
-0.1,1.72,-0.94,-173.1,37.72,-139.47
-0.23,1.66,-0.84,-176.88,-0.24,-155.52
-0.3,1.05,-0.59,-174.38,-59.27,-145.08
-0.34,1.22,-0.67,-97.96,-78.8,-96.25
-0.38,1.11,-0.83,-63.05,-87.95,-89.78
-0.38,0.51,-0.52,-35.77,-162.05,-82.58
-0.35,0.36,-0.11,-15.2,-206.6,-64.58
-0.17,0.47,0.53,10.19,-230.59,-23.32
-0.0,0.98,1.05,-14.77,-190.73,-4.52
0.09,1.1,1.21,-30.46,-156.68,-17.27
0.22,0.96,1.08,-42.48,-77.39,-59.02
0.24,0.79,0.98,-41.87,-53.83,-74.34
0.29,0.31,0.93,-34.42,-40.04,-86.79
0.33,0.15,0.88,-25.02,-31.68,-56.27
0.34,0.04,0.83,-15.62,-31.31,-40.77
0.41,0.08,0.77,5.92,-42.05,0.06
0.45,0.21,0.76,14.71,-49.5,16.85
0.47,0.26,0.81,12.76,-66.47,21.0
0.49,0.3,1.03,-14.59,-80.57,19.29
0.5,0.31,1.13,-19.96,-79.83,16.85
0.45,0.18,1.06,-19.23,-67.38,1.71
0.41,0.13,1.05,-21.12,-72.14,-1.04
0.32,0.28,1.19,-25.57,-95.28,7.02
0.26,0.46,1.34,-30.33,-106.32,-2.93
0.14,0.37,1.42,-29.91,-111.94,-16.66
-0.05,0.2,1.57,5.31,-134.34,-30.09
-0.15,0.17,1.69,35.34,-147.34,-28.08
-0.27,0.17,1.86,75.38,-151.31,-26.12
-0.31,0.07,2.01,80.2,-136.11,-37.6
-0.38,-0.08,2.05,78.31,-121.77,-45.84
-0.38,-0.24,2.03,65.12,-78.74,-45.17
-0.4,-0.26,2.0,48.77,-56.46,-41.44
-0.36,-0.3,1.97,17.21,-11.54,-33.51
-0.33,-0.41,1.6,-7.69,43.82,-23.5
-0.27,-0.61,1.46,-16.36,61.58,-8.48
-0.19,-0.6,1.17,-23.38,78.74,38.21
-0.16,-0.49,1.07,-22.03,79.28,64.88
-0.12,-0.29,0.92,-21.79,73.67,103.58
-0.12,-0.22,0.89,-32.59,66.77,131.71
-0.1,0.06,0.83,-38.21,68.3,144.23
-0.11,0.46,0.72,-59.45,75.2,153.5
-0.11,0.63,0.67,-75.01,78.55,147.34
-0.19,0.82,0.68,-115.84,85.57,114.69
-0.24,0.85,0.64,-144.96,110.23,79.47
-0.36,0.88,0.41,-122.92,123.96,63.29
-0.58,0.63,0.22,-108.64,130.43,45.72
-0.69,0.53,0.2,-93.32,127.01,52.92
-0.87,0.69,-0.16,-45.35,150.94,99.55
-0.92,0.93,-0.49,-2.14,170.9,158.33
-0.96,1.41,-1.06,5.68,153.81,180.85
-0.88,1.56,-0.81,-10.31,79.28,204.9
-0.79,1.74,-0.74,-7.45,68.73,227.97
-0.39,2.75,-0.8,31.01,71.47,294.37
0.01,3.34,-0.64,-8.97,53.47,259.52
0.73,3.8,0.17,-30.7,59.57,178.71
0.89,3.01,-0.3,-35.28,137.57,-24.05
0.8,2.46,-0.72,-38.09,147.52,-100.71
0.45,1.37,-0.99,-55.85,83.37,-191.41
0.24,0.8,-1.08,-73.85,13.55,-194.21
-0.16,0.4,-1.02,-103.76,-24.48,-152.95
-0.45,0.67,-0.66,-124.39,-70.13,-73.85
-0.5,0.85,-0.68,-122.99,-64.64,-44.43
-0.62,1.41,-0.71,-76.35,-53.89,-12.39
-0.69,1.32,-0.61,-50.96,-60.12,-44.86
-0.67,1.16,-0.47,-40.77,-59.39,-40.28
-0.62,1.32,-0.17,-46.2,-76.11,-36.62
-0.55,1.2,0.12,-49.01,-86.79,-50.96
-0.41,0.98,0.31,-26.79,-63.11,-62.07
-0.34,0.99,0.25,-9.77,-40.34,-50.11
-0.17,1.01,0.32,-10.56,-43.27,-48.52
-0.02,0.92,0.6,-5.55,-48.1,-52.43
0.05,0.86,0.53,8.48,-35.89,-54.44
0.1,0.86,0.35,32.65,-30.33,-47.36
0.12,0.82,0.52,27.65,-64.03,-39.49
0.14,0.73,0.89,35.64,-64.33,-33.26
0.21,0.7,1.0,48.89,-46.08,-20.45
0.23,0.66,1.01,55.24,-37.17,-17.46
0.36,0.6,1.05,56.4,-22.77,-10.31
0.42,0.61,1.04,53.28,-6.65,-4.94
0.49,0.59,0.92,41.69,-1.4,-5.86
0.52,0.56,0.77,14.1,-7.69,-5.37
0.52,0.6,0.79,0.85,-23.8,-3.54
0.5,0.58,0.82,-22.89,-55.91,-5.07
0.52,0.57,0.87,-23.38,-93.44,-0.12
0.5,0.53,0.92,-3.36,-109.74,-0.85
0.43,0.41,1.09,1.46,-148.74,0.79
0.36,0.52,1.28,-32.65,-161.68,10.01
0.21,0.82,1.74,-32.1,-182.98,12.82
0.06,0.91,2.1,-55.18,-163.39,-22.03
-0.03,0.64,2.21,59.69,-121.77,-43.82
-0.16,0.22,1.89,93.44,-62.44,-55.6
-0.18,0.11,1.86,97.23,-52.06,-44.62
-0.2,0.11,1.91,85.33,-26.25,-12.33
-0.21,0.1,1.86,76.97,-5.07,4.88
-0.21,0.11,1.68,41.93,36.8,12.15
-0.2,0.08,1.45,10.25,69.03,23.74
-0.19,0.02,1.34,2.2,79.16,29.72
-0.18,0.04,1.02,11.35,98.75,60.55
-0.15,0.26,0.77,33.02,105.1,104.06
-0.13,0.89,0.42,70.62,86.3,109.25
-0.2,1.16,0.87,56.4,31.8,66.35
-0.25,1.02,1.09,50.11,31.86,30.76
-0.48,0.68,0.95,48.34,88.75,-14.71
-0.6,0.57,0.87,40.47,112.49,-24.17
-0.9,0.44,0.66,47.42,169.62,-25.76
-1.24,0.28,0.14,69.58,248.54,-10.86
-1.4,0.32,-0.33,81.48,292.72,7.69
-1.46,0.81,-1.76,92.29,373.05,91.74
-1.31,1.04,-2.5,66.59,372.74,206.79
-0.93,1.72,-2.75,-13.18,209.47,260.07
-0.15,2.52,-1.24,-11.96,-2.26,327.88
0.32,3.0,-0.32,-19.78,-40.28,330.69
1.08,3.82,0.66,-61.65,40.47,238.04
1.32,3.76,0.34,-62.87,112.98,133.0
1.06,2.5,-0.63,-45.96,149.6,-99.98
0.52,1.27,-0.72,-48.71,67.81,-193.85
0.24,1.09,-0.66,-32.59,37.29,-176.64
-0.24,1.81,-1.08,-37.11,9.77,-92.35
-0.41,2.2,-1.26,-73.06,-17.76,-72.81
-0.69,2.2,-0.55,-115.05,-135.5,-111.39
-0.78,1.35,0.24,-135.68,-139.1,-152.22
-0.82,1.12,0.12,-134.03,-79.59,-143.43
-0.74,1.0,-0.42,-152.16,16.05,-124.76
-0.72,0.75,-0.59,-149.48,29.36,-136.35
-0.47,0.51,-1.07,-135.93,19.41,-97.6
-0.25,0.91,-0.92,-62.5,-100.71,-34.06
-0.19,0.78,-0.26,-41.2,-174.87,-38.51
0.04,0.37,0.74,1.53,-200.93,-43.88
0.16,0.3,0.87,12.15,-165.22,-26.0
0.31,0.39,0.61,31.92,-101.81,18.01
0.38,0.46,0.66,47.49,-120.85,40.47
0.34,0.49,0.95,55.6,-144.23,47.61
0.34,0.69,1.5,68.18,-146.55,63.05
0.38,0.8,1.64,73.67,-126.65,67.38
0.41,0.9,1.5,79.16,-69.46,59.57
0.46,1.02,1.26,35.1,-41.44,40.89
0.49,1.07,1.24,4.7,-39.55,25.21
0.45,1.02,1.29,-48.22,-36.32,-23.99
0.44,0.85,1.27,-69.15,-32.65,-51.09
0.35,0.29,1.5,-72.75,-54.26,-79.35
0.34,0.37,1.9,-19.23,-66.59,-45.1
0.31,0.58,2.08,13.49,-61.16,-30.27
0.3,0.58,2.11,90.58,-28.75,-45.9
0.28,0.47,1.89,125.18,-5.49,-60.55
0.28,0.42,1.71,125.06,8.3,-79.83
0.26,0.34,1.76,96.92,18.92,-113.89
0.23,0.09,1.45,83.56,45.53,-137.7
0.26,-0.51,1.05,24.96,58.96,-159.61
0.31,-0.76,1.02,-4.7,47.61,-151.12
0.44,-1.06,1.16,-75.87,27.1,-103.03
0.43,-1.13,1.32,-35.71,19.47,-29.66
0.45,-1.01,1.34,-27.28,25.02,17.03
0.48,-0.49,1.32,-5.19,39.18,98.88
0.5,-0.06,1.27,-4.52,47.36,126.34
0.45,0.43,1.15,-20.69,59.57,121.89
0.36,0.47,1.33,-57.01,61.77,88.07
0.16,0.3,1.39,-67.81,71.29,77.03
-0.15,0.23,1.05,-64.76,112.12,83.31
-0.33,0.33,0.89,-55.73,125.06,96.92
-0.71,0.67,0.9,-21.3,140.62,127.2
-0.9,0.81,0.11,78.06,215.82,153.44
-1.25,1.3,-0.48,120.0,251.22,169.19
-1.45,1.35,-1.0,91.8,230.47,162.84
-1.53,1.5,-1.28,94.12,224.0,172.18
-1.16,2.28,-2.78,141.72,262.45,237.43
-0.67,2.51,-3.55,154.6,131.9,260.99
0.39,3.32,-2.71,141.72,0.49,273.25
0.91,4.0,-0.37,41.14,-106.08,235.41
0.81,4.0,0.03,-36.5,-44.8,129.03
-0.28,3.9,-0.61,-168.76,98.69,-249.45
-0.88,2.34,-0.65,-238.53,43.88,-516.36
-1.06,-0.52,0.22,-208.19,21.12,-527.16
-1.02,-1.48,-0.43,-43.95,131.23,-328.8
-1.09,-0.97,-1.31,-28.99,181.15,-165.77
-0.87,1.13,-2.69,-66.04,76.11,127.99
-0.91,1.88,-2.42,-159.73,-262.21,198.67
-0.94,1.91,-0.33,-197.08,-398.25,172.85
-0.74,1.99,1.78,-193.42,-405.88,95.15
-0.43,1.84,2.03,-82.52,-293.21,27.65
-0.36,0.93,0.54,52.37,-34.12,-66.53
-0.17,0.79,0.07,-41.56,-48.58,-22.22
0.11,1.13,0.3,-86.85,-87.83,-15.44
0.23,0.82,0.61,-45.41,-112.79,-46.39
0.31,0.64,0.7,-4.82,-119.2,-41.81
0.31,0.6,0.85,76.48,-135.44,9.4
0.3,0.81,0.95,113.22,-146.36,58.11
0.34,1.31,1.37,121.46,-141.36,47.0
0.41,1.09,1.37,177.8,-88.99,-16.42
0.44,0.92,1.26,188.35,-61.58,-38.57
0.45,0.66,1.13,177.8,-45.72,-57.98
0.45,0.62,1.14,130.49,-57.68,-57.56
0.46,0.53,1.23,99.73,-60.67,-59.45
0.5,0.44,1.32,39.18,-40.71,-67.87
0.51,0.31,1.2,15.26,-21.12,-72.45
0.49,0.02,1.02,-39.67,-20.94,-65.98
0.49,-0.06,1.21,-117.13,-47.67,-30.58
0.4,-0.02,1.49,-118.71,-37.17,-14.4
0.48,0.21,1.51,-79.53,9.52,14.28
0.46,0.28,1.34,1.22,32.41,18.19
0.48,0.15,1.06,92.04,46.45,15.2
0.48,0.21,1.1,56.52,35.28,32.84
0.54,0.38,1.23,34.55,41.44,33.39
0.61,0.32,0.98,5.86,73.79,7.45
0.67,0.2,0.79,1.1,79.96,-7.2
0.7,0.06,0.67,-2.5,50.78,-14.95
0.69,-0.06,0.74,-5.62,22.46,-5.55
0.69,-0.12,0.8,-8.36,19.78,7.93
0.66,0.06,0.84,-5.19,13.67,35.52
0.63,0.07,0.92,-3.66,8.97,42.3
0.6,0.01,0.95,0.37,15.08,58.72
0.57,0.11,0.84,5.37,24.41,87.34
0.49,0.44,0.67,7.14,28.56,92.41
0.36,0.43,0.72,-5.92,15.32,86.91
0.29,0.41,0.78,-16.78,12.08,89.48
0.08,0.65,0.81,-19.29,23.13,104.61
-0.01,0.69,0.79,-19.71,32.04,99.85
-0.17,0.6,0.7,-23.74,52.61,100.4
-0.4,0.66,0.57,-18.74,79.83,116.09
-0.52,0.8,0.48,-3.54,94.91,125.92
-0.7,1.16,0.04,49.62,142.64,137.76
-0.83,1.36,-0.33,68.91,169.25,136.72
-0.93,1.46,-0.82,52.25,154.54,123.29
-0.97,1.38,-0.67,6.1,91.0,112.3
-0.9,1.45,-0.47,-8.3,77.33,125.24
-0.58,2.21,-0.67,27.22,124.02,169.25
-0.27,2.72,-0.87,33.51,149.29,146.55
0.4,3.22,-1.03,-18.98,139.22,82.64
0.71,2.74,-0.85,-91.25,86.24,-81.6
0.64,2.42,-0.86,-116.64,68.54,-148.99
0.3,1.26,-1.04,-139.77,21.55,-251.53
0.15,0.68,-1.09,-143.13,-10.86,-227.05
-0.13,0.42,-0.86,-149.17,-80.57,-179.63
-0.42,0.85,-0.73,-98.75,-103.27,-93.08
-0.53,1.06,-0.85,-58.23,-99.49,-68.66
-0.64,1.32,-0.83,-8.42,-114.44,-50.23
-0.67,1.53,-0.73,0.92,-123.05,-45.59
-0.69,1.52,-0.56,15.62,-127.14,-76.23
-0.65,0.98,-0.2,8.12,-135.62,-112.98
-0.56,0.76,-0.02,-6.59,-131.84,-110.66
-0.36,0.62,0.27,-36.8,-111.21,-81.79
-0.24,0.6,0.32,-41.08,-98.02,-64.09
-0.03,0.53,0.3,-34.24,-74.71,-34.73
0.16,0.51,0.33,-19.53,-73.0,-3.66
0.27,0.51,0.46,-12.45,-83.68,8.48
0.41,0.78,0.66,11.47,-93.81,32.78
0.44,0.87,0.78,20.51,-98.94,35.95
0.45,0.9,1.12,19.84,-104.98,26.92
0.5,0.88,1.24,10.56,-77.15,18.62
0.51,0.82,1.2,3.72,-58.47,11.78
0.61,0.63,1.12,-27.22,-35.16,0.37
0.68,0.47,1.06,-38.7,-31.13,-0.43
0.7,0.24,1.02,-46.08,-44.13,22.95
0.61,0.35,1.1,-45.47,-64.7,67.2
0.51,0.5,1.19,-49.87,-67.99,84.53
0.43,0.97,1.66,-67.38,-69.82,103.76
0.42,1.16,1.9,-59.63,-55.73,99.61
0.47,1.24,1.58,-3.48,24.41,66.41
0.51,1.28,0.79,46.14,59.51,29.48
0.52,1.2,0.73,36.25,33.26,3.36
0.49,0.85,1.03,18.25,-18.62,-45.59
0.46,0.65,1.12,17.15,-23.93,-60.73
0.43,0.29,1.11,29.54,-16.42,-65.31
0.42,0.16,1.09,42.66,-12.33,-42.66
0.42,0.12,1.14,46.26,-13.31,-29.42
0.43,0.11,1.18,49.38,-4.03,-1.77
0.42,0.18,1.21,42.79,2.81,12.21
0.42,0.27,1.26,24.66,17.76,29.42
0.41,0.38,1.25,-0.49,39.31,41.63
0.4,0.39,1.18,-6.96,51.51,44.31
0.38,0.4,1.0,-15.38,70.37,55.36
0.35,0.44,0.94,-22.58,74.34,64.27
0.26,0.59,0.8,-36.44,82.34,77.64
0.22,0.74,0.67,-46.69,87.34,77.94
0.09,0.78,0.68,-50.78,85.27,75.07
-0.06,0.78,0.76,-57.98,87.46,68.18
-0.15,0.7,0.75,-52.0,95.58,64.15
-0.37,0.63,0.54,-35.58,122.8,70.07
-0.49,0.8,0.12,-8.61,150.21,79.41
-0.72,0.83,-0.11,7.26,158.75,76.84
-0.96,0.73,-0.5,31.86,154.54,62.5
-1.1,0.61,-0.59,36.5,143.01,58.35
-1.33,0.46,-0.78,48.71,130.07,78.0
-1.45,0.5,-1.17,68.3,135.8,140.2
-1.54,0.76,-1.28,85.82,124.15,185.73
-1.24,1.56,-0.94,110.17,69.58,299.56
-0.95,2.36,-0.55,97.84,53.34,345.89
-0.03,3.57,-0.33,57.56,91.19,295.84
0.33,3.71,-0.95,5.25,134.03,99.12
0.49,3.17,-1.28,-28.75,117.43,-12.15
0.15,1.85,-1.34,-78.55,3.91,-179.14
-0.07,1.49,-1.03,-107.97,-60.24,-200.93
-0.36,1.18,-0.36,-118.47,-138.55,-186.65
-0.58,1.12,-0.26,-64.09,-112.0,-173.1
-0.87,1.15,-0.65,-38.27,-81.79,-170.96
-1.03,1.07,-1.09,-20.2,-70.74,-170.59
-1.03,1.11,-1.02,-34.61,-96.74,-158.94
-1.02,1.09,-0.57,-47.12,-146.24,-159.85
-0.99,0.85,-0.45,-25.76,-155.46,-178.16
-0.83,0.31,-0.18,-17.27,-157.9,-163.15
-0.62,0.32,0.08,-4.7,-149.96,-92.77
-0.49,0.56,0.12,1.04,-138.79,-53.04
-0.23,0.99,0.11,15.26,-121.46,-21.0
-0.17,0.92,0.18,12.33,-128.48,-42.42
-0.04,0.63,0.53,6.84,-130.74,-44.8
0.08,0.54,0.8,11.6,-115.91,-28.38
0.14,0.61,0.78,22.83,-99.91,-15.38
0.25,0.95,0.59,49.87,-79.83,7.26
0.27,1.05,0.65,54.81,-100.71,4.09
0.31,1.11,0.98,52.31,-105.16,-2.38
0.35,1.0,1.03,54.57,-80.38,-19.04
0.39,0.95,0.91,50.6,-60.73,-26.0
0.45,0.89,0.69,13.12,-44.43,-39.67
0.49,0.71,0.66,-8.61,-74.04,-55.11
0.48,0.36,0.83,-11.23,-94.42,-42.6
0.42,0.61,1.14,24.35,-128.85,13.06
0.4,0.9,1.36,51.33,-144.53,39.79
0.41,1.28,1.59,81.67,-132.63,37.84
0.39,1.31,1.41,120.73,-88.32,-16.48
0.24,0.94,1.1,109.01,-91.37,-50.84
0.02,0.54,1.46,21.36,-131.77,-90.94
-0.06,0.37,1.69,-8.73,-141.78,-101.75
-0.24,-0.01,2.01,-3.48,-131.59,-111.27
-0.23,-0.16,2.12,15.62,-96.13,-89.29
-0.26,-0.39,2.2,36.8,-67.2,-75.2
-0.3,-0.34,1.87,70.19,-3.78,-35.22
-0.29,-0.34,1.74,66.47,10.74,-23.56
-0.26,-0.41,1.75,34.48,21.42,-7.14
-0.22,-0.41,1.76,2.32,51.51,23.86
-0.18,-0.24,1.46,9.4,72.02,43.03
-0.11,0.07,0.99,25.7,95.09,67.2
-0.04,0.22,0.8,33.69,93.44,70.56
-0.01,0.38,0.59,38.94,73.85,58.96
0.07,0.45,0.52,54.5,61.22,45.29
0.07,0.64,0.18,93.14,55.24,37.48
-0.01,0.7,0.12,72.14,15.38,12.39
-0.06,0.63,0.18,76.78,-7.26,0.43
-0.3,0.14,0.62,71.66,-43.7,-14.4
-0.39,0.02,0.97,62.32,-17.94,23.19
-0.46,0.46,0.9,60.55,34.36,52.19
-0.42,0.95,0.23,59.02,137.08,67.02
-0.47,1.14,-0.09,50.78,163.7,64.39
-0.51,1.34,-0.73,27.71,193.66,79.22
-0.43,1.47,-1.0,6.16,197.51,152.53
0.19,2.06,-1.42,-6.9,169.92,203.43
0.8,3.23,-0.9,-14.77,63.05,268.74
1.01,3.71,-0.09,-27.1,-0.37,250.85
1.16,3.77,0.96,-21.36,-18.86,86.06
1.02,3.15,0.7,-5.07,23.56,-128.6
0.79,1.71,0.08,16.85,37.11,-180.91
0.26,0.42,-0.09,14.83,32.35,-234.44
0.15,0.09,-0.28,-4.58,34.18,-201.29
-0.14,0.79,-0.52,-115.78,8.36,-65.31
-0.3,1.0,-0.46,-172.85,-9.52,-4.21
-0.34,1.45,-0.65,-204.22,-28.63,35.95
-0.39,1.78,-0.21,-159.55,-39.31,1.71
-0.38,1.13,-0.29,-95.4,-13.49,-61.34
-0.34,0.43,-0.97,-23.44,-21.48,-30.21
-0.35,0.65,-0.72,-45.9,-89.72,54.14
-0.32,1.36,0.13,-59.69,-148.5,60.67
-0.16,1.35,0.12,-34.67,-89.54,8.36
-0.12,1.24,0.19,-41.56,-89.17,-10.99
-0.09,0.98,0.72,-69.09,-125.98,-26.06
-0.09,0.84,0.98,-66.47,-130.62,-27.1
-0.07,0.69,1.33,-50.17,-100.95,-13.67
-0.05,0.74,1.31,-16.85,-44.31,9.16
0.06,0.75,1.23,-11.29,-21.55,15.81
0.18,0.69,1.21,-14.65,-6.29,18.37
0.2,0.71,1.2,-13.18,-2.01,21.12
0.25,0.79,1.13,-15.5,2.56,24.72
0.25,0.69,1.19,-14.53,-9.22,17.88
0.23,0.66,1.27,-18.98,-12.21,16.91
0.31,0.68,1.28,-26.86,5.62,16.66
0.33,0.67,1.18,-23.25,17.76,11.66
0.37,0.63,1.0,-20.87,11.23,-1.65
0.36,0.56,1.06,-35.71,-27.83,-16.11
0.35,0.49,1.24,-23.32,-47.36,-25.51
0.3,0.35,1.47,10.38,-53.28,-29.42
0.26,0.24,1.52,29.05,-50.66,-27.71
0.24,0.12,1.61,34.55,-41.32,-8.24
0.11,0.35,1.57,10.68,-18.8,22.28
0.14,0.5,1.55,-13.24,-7.81,28.56
0.14,0.64,1.5,-67.99,11.29,11.72
0.15,0.56,1.44,-75.13,13.55,-2.08
0.17,0.32,1.46,-75.26,7.93,-13.06
0.17,0.22,1.42,-65.73,25.76,10.31
0.15,0.32,1.37,-45.84,36.38,31.86
0.2,0.73,1.09,-15.99,64.51,66.71
0.21,0.96,0.95,1.95,71.78,69.64
0.26,1.17,0.76,5.31,70.86,35.52
0.2,0.91,0.68,-17.52,64.33,-18.68
0.16,0.75,0.73,-34.85,57.31,-34.48
0.1,0.72,0.77,-62.01,60.79,-41.56
0.06,0.74,0.71,-52.61,70.07,-44.37
-0.16,0.62,0.52,-15.75,83.31,-53.83
-0.34,0.39,0.52,-14.83,93.44,-47.67
-0.45,0.34,0.49,-14.47,108.09,-37.72
-0.67,0.5,0.21,14.53,163.02,-9.83
-0.84,0.55,0.02,30.94,192.99,-1.77
-1.07,0.64,-0.49,79.65,253.54,9.95
-1.18,0.61,-1.48,159.48,324.89,46.2
-1.24,0.42,-1.99,205.2,330.75,77.51
-0.75,0.38,-2.67,256.16,255.86,224.12
-0.53,1.22,-2.51,223.51,173.65,346.5
-0.09,3.57,-1.22,102.36,9.89,479.25
0.0,4.0,-0.64,-4.09,-12.88,364.32
-0.01,4.0,-0.79,-40.1,0.0,238.65
-0.78,3.96,-0.93,-80.14,-27.59,-206.97
-1.17,2.35,-0.8,-97.78,-62.93,-399.17
-1.41,0.36,-0.62,-140.38,-100.95,-454.53
-1.29,0.22,-1.09,-205.87,-109.19,-354.68
-1.28,-0.54,-0.9,-220.64,-143.68,-325.01
-0.79,0.46,-0.32,-187.93,-148.25,-53.22
-0.75,0.54,-0.11,-95.83,-123.54,-36.01
-0.61,0.68,-0.32,-20.32,-85.88,1.22
-0.41,1.0,0.32,-63.72,-135.13,19.84
-0.13,1.34,0.53,-54.81,-121.77,-8.67
0.03,0.88,0.38,-13.73,-61.71,-84.78
0.09,0.65,0.35,-12.82,-55.79,-90.64
0.25,0.52,0.5,-23.13,-68.97,-46.75
0.32,0.53,0.55,-0.55,-70.98,-1.16
0.41,0.54,0.58,20.81,-74.77,18.49
0.38,0.72,0.85,55.54,-97.17,60.97
0.42,0.86,1.08,59.2,-101.5,78.49
0.4,1.32,1.32,51.45,-75.87,90.88
0.45,1.44,1.39,53.71,-29.6,43.33
0.48,1.29,1.08,63.23,-2.56,11.78
0.5,0.97,0.82,36.44,10.38,-26.86
0.5,0.85,0.78,7.87,6.04,-35.89
0.51,0.55,0.78,-5.0,-7.08,-37.9
0.51,0.51,0.79,45.1,-13.92,-10.86
0.53,0.38,0.66,82.21,-14.4,-2.56
0.5,0.31,0.64,116.03,-25.88,16.42
0.5,0.39,0.65,111.15,-28.81,27.53
0.43,0.71,0.91,57.8,-43.7,37.72
0.44,0.82,1.07,-3.66,-48.71,11.54
0.42,0.8,1.23,-8.18,-44.56,-7.26
0.43,0.63,1.36,-21.42,-33.39,-33.14
0.4,0.43,1.33,-10.19,-22.64,-45.29
0.37,0.16,1.18,13.49,-2.08,-37.6
0.38,0.11,1.11,19.53,-1.34,-11.23
0.35,0.16,1.15,15.62,-7.57,6.96
0.35,0.36,1.35,18.68,-15.62,33.45
0.34,0.47,1.38,19.41,-10.25,40.16
0.37,0.73,1.46,7.87,-2.14,41.93
0.41,0.74,1.51,-4.82,12.02,16.54
0.41,0.58,1.39,-10.31,24.54,6.59
0.44,0.48,1.24,-19.9,33.63,4.64
0.47,0.31,1.18,-21.91,37.11,3.11
0.48,0.24,0.95,-16.97,45.96,32.84
0.45,0.4,0.84,-21.48,44.19,66.89
0.39,0.83,0.55,-19.53,42.6,71.47
0.2,1.13,0.43,-24.54,20.51,53.53
0.09,1.06,0.55,-39.43,3.3,32.04
-0.14,0.64,0.87,-50.54,-4.33,-0.43
-0.24,0.49,0.92,-45.65,33.69,12.45
-0.45,0.5,0.8,-23.44,61.71,27.53
-0.63,0.63,0.23,25.82,130.25,49.26
-0.75,0.83,-0.17,54.63,162.11,61.58
-0.88,0.88,-0.79,85.27,176.09,64.03
-0.92,0.69,-0.8,78.49,140.38,72.94
-1.02,0.41,-0.69,79.04,149.48,104.0
-0.92,0.66,-1.38,150.7,216.98,218.44
-0.8,1.14,-1.91,201.29,233.7,294.19
-0.4,2.92,-2.13,222.29,136.54,421.45
-0.17,3.82,-1.56,166.44,-55.79,392.27
0.29,4.0,0.19,-97.23,-84.66,321.72
-0.29,4.0,-0.59,-145.39,50.84,-68.66
-0.9,3.6,-1.28,-156.74,70.07,-351.38
-1.79,0.68,-1.1,-218.51,-48.1,-596.92
-1.83,-0.33,-0.74,-249.69,-71.59,-503.6
-1.5,-1.11,-1.18,-196.41,-32.1,-355.53
-1.21,-0.14,-1.77,-70.25,-69.34,-68.42
-1.11,0.33,-1.27,-33.51,-162.05,3.54
-0.88,0.85,0.16,7.69,-272.95,43.82
-0.75,1.01,0.64,16.72,-259.4,27.89
-0.53,1.49,0.88,5.8,-167.36,15.99
-0.28,1.46,0.95,-29.91,-103.7,-44.01
-0.21,1.18,0.87,-37.96,-74.83,-73.61
-0.04,0.74,0.59,-64.58,-37.72,-79.77
0.05,0.69,0.64,-74.65,-42.36,-40.95
0.23,0.93,0.92,-48.52,-61.22,-26.61
0.29,0.74,1.07,11.29,-57.86,-23.38
0.38,0.62,1.07,25.51,-47.0,-16.66
0.52,0.71,1.16,32.65,-34.36,22.83
0.56,0.84,1.28,31.19,-31.25,37.17
0.58,0.89,1.27,45.04,-9.95,39.06
0.57,1.04,1.34,35.95,-8.12,41.26
0.56,1.15,1.4,23.62,-6.1,37.35
0.54,1.17,1.38,10.07,15.5,8.0
0.53,0.94,1.24,10.25,31.13,-15.69
0.53,0.69,1.06,-5.31,40.04,-28.32
0.54,0.72,1.19,-19.78,28.93,-22.95
0.57,0.7,1.26,-12.08,28.14,-25.27
0.62,0.53,1.0,34.73,43.27,-32.35
0.65,0.46,0.81,57.98,43.27,-31.86
0.63,0.42,0.78,60.06,12.82,-26.73
0.62,0.44,0.88,44.62,-8.61,-27.34
0.58,0.44,0.89,35.4,-10.86,-31.13
0.56,0.27,0.9,15.08,-15.87,-44.01
0.51,0.19,0.88,3.17,-18.62,-45.72
0.42,0.14,1.13,-25.88,-40.22,-31.25
0.41,0.25,1.47,-45.23,-46.14,-8.73
0.44,0.27,1.54,-38.82,-36.38,-2.93
0.41,0.14,1.51,3.97,-5.19,4.7
0.38,0.12,1.48,14.16,9.7,17.33
0.34,0.31,1.4,7.14,42.48,48.95
0.29,0.49,1.14,0.55,73.97,62.56
0.26,0.53,0.98,-3.91,82.34,63.48
0.28,0.68,0.41,-1.53,95.34,63.6
0.16,0.8,0.07,2.44,93.75,62.74
-0.1,0.94,-0.13,-14.71,41.63,52.31
-0.27,0.86,0.77,-41.08,-28.08,40.47
-0.39,0.7,1.08,-21.91,-18.92,37.17
-0.64,0.6,0.44,56.09,83.74,58.96
-0.76,0.65,0.08,74.77,115.78,74.52
-1.0,1.02,-0.58,87.16,153.56,109.5
-1.36,1.56,-1.15,79.1,179.81,141.17
-1.29,1.65,-1.22,61.16,176.03,149.35
-0.66,1.44,-1.43,60.79,183.59,173.46
-0.41,1.64,-1.61,91.19,188.35,214.36
0.16,2.74,-1.66,108.89,137.88,297.73
0.38,4.0,-0.72,10.38,36.19,252.56
0.67,4.0,-0.47,-25.82,17.33,148.01
-0.06,2.95,-0.47,-56.4,16.42,-244.87
-0.4,1.55,-0.52,-71.84,12.27,-376.89
-0.76,0.03,-0.64,-105.59,2.14,-383.12
-0.81,0.08,-1.04,-161.38,-9.16,-253.97
-0.91,-0.35,-1.12,-168.33,-24.41,-198.0
-0.7,0.81,-1.28,-134.89,-52.55,-21.79
-0.75,0.79,-1.03,-103.76,-84.78,-34.73
-0.66,0.22,-0.48,-33.87,-150.27,-45.65
-0.58,0.54,-0.03,-13.61,-166.63,25.63
-0.46,0.72,0.11,-2.5,-158.63,37.17
-0.3,0.98,0.26,3.11,-129.64,35.95
-0.2,1.08,0.35,-3.3,-119.14,32.23
-0.06,1.18,0.58,-25.63,-104.19,18.01
0.04,1.13,0.66,-38.88,-74.95,-0.31
0.19,0.9,0.61,-36.38,-60.36,-3.42
0.32,0.8,0.61,-27.1,-57.86,10.62
0.4,0.9,0.72,-22.28,-66.22,26.86
0.46,1.12,0.95,-5.62,-67.75,40.95
0.45,1.21,1.0,-16.36,-44.25,30.58
0.53,1.32,0.96,-28.14,-31.43,19.9
0.58,1.12,0.79,-49.26,-8.48,-14.47
0.61,0.82,0.67,-60.3,-4.7,-28.63
0.62,0.44,0.56,-70.62,-21.91,-4.09
0.59,0.49,0.58,-66.28,-44.62,57.25
0.54,0.78,0.56,-58.65,-51.57,78.49
0.42,1.35,0.86,-53.96,-73.06,94.06
0.4,1.59,1.24,-61.71,-82.82,84.59
0.48,1.78,1.4,-45.29,-24.72,26.92
0.47,1.56,0.93,18.62,42.05,-57.5
0.45,0.94,0.34,10.5,20.57,-78.49
0.4,0.68,0.79,-31.68,-53.34,-77.94
0.4,0.7,1.03,-43.7,-66.16,-70.19
0.35,0.56,1.27,-39.79,-57.07,-64.21
0.34,0.51,1.36,-19.04,-33.39,-40.04
0.33,0.48,1.25,4.7,-14.47,-26.37
0.28,0.34,1.0,48.77,3.3,-1.95
0.27,0.37,1.03,53.16,-0.06,16.11
0.29,0.75,1.26,32.84,-2.14,52.49
0.31,0.89,1.27,31.31,20.63,45.72
0.29,0.85,1.07,28.14,31.25,35.89
0.3,0.86,0.99,16.3,40.1,30.82
0.3,0.9,0.93,13.67,45.96,29.42
0.3,0.91,0.79,12.51,54.38,21.79
0.28,0.88,0.77,3.3,54.26,15.26
0.24,0.86,0.69,3.54,58.53,13.0
0.16,0.95,0.42,8.79,69.64,9.83
0.11,0.99,0.36,1.53,66.04,4.58
-0.0,1.02,0.33,-8.3,54.44,-10.68
-0.08,0.94,0.35,3.3,51.51,-26.49
-0.25,0.78,0.29,14.1,58.35,-26.18
-0.44,0.8,0.19,26.92,77.51,-18.74
-0.5,0.85,-0.01,38.09,97.96,-15.5
-0.67,1.01,-0.55,56.15,132.57,-14.1
-0.67,1.09,-0.77,19.29,148.13,-16.72
-0.82,1.12,-0.91,-7.75,143.01,-24.78
-0.69,1.03,-1.08,-38.76,168.88,-21.36
-0.42,0.78,-1.39,-6.9,193.3,-11.47
0.1,0.6,-2.05,93.08,202.27,69.21
0.29,1.22,-2.15,94.48,135.07,201.66
0.56,2.78,-1.86,57.86,86.24,205.44
0.64,3.49,-1.14,-57.56,-5.49,51.94
0.41,2.85,-0.91,-96.92,-28.08,-85.27
-0.11,0.78,-0.74,-123.6,-60.67,-260.8
-0.22,0.31,-0.47,-150.45,-67.5,-224.18
-0.48,-0.17,-0.39,-137.57,-33.2,-162.6
-0.73,0.13,-1.07,-51.64,42.3,-58.41
-0.83,0.27,-1.52,-21.97,52.61,-17.03
-0.73,0.86,-1.5,-31.01,-44.37,67.44
-0.67,1.02,-0.97,-32.65,-154.6,71.96
-0.56,1.0,-0.03,3.05,-167.91,63.35
-0.41,1.07,0.4,13.37,-134.95,61.58
-0.31,1.15,0.37,10.86,-102.29,61.22
-0.13,1.34,0.18,2.99,-59.45,45.9
-0.04,1.4,0.06,1.95,-51.57,18.07
0.09,1.15,-0.05,11.84,-59.14,5.13
0.19,0.76,0.25,18.13,-84.47,1.95
0.26,0.67,0.36,20.02,-82.34,15.87
0.36,0.94,0.45,40.28,-61.4,62.99
0.39,1.19,0.37,56.21,-45.47,79.47
0.44,1.61,0.15,58.59,-30.82,67.81
0.53,1.41,0.07,16.72,-46.51,7.75
0.58,1.06,0.12,-0.37,-61.58,-19.53
0.56,0.66,0.25,-33.57,-83.37,-10.93
0.56,0.81,0.37,-50.78,-92.77,34.0
0.6,1.19,0.65,-52.98,-97.47,38.76
0.59,1.34,0.92,-34.73,-72.51,17.52
0.66,1.26,0.87,-8.12,-50.48,-0.98
0.68,0.81,0.21,109.68,-12.02,-30.15
0.6,0.63,-0.06,144.59,-21.55,-29.91
0.43,0.62,0.07,114.26,-101.07,-8.36
0.15,0.99,0.98,21.61,-184.57,-12.57
0.01,1.04,1.57,-23.38,-206.24,-34.42
-0.13,0.75,2.59,-54.57,-188.29,-79.9
-0.12,0.48,2.77,-29.36,-142.33,-89.17
-0.08,-0.07,2.23,45.17,-20.69,-70.5
-0.05,0.1,1.48,32.29,38.45,-12.08
-0.03,0.34,1.31,9.28,38.51,6.77
0.01,0.7,1.45,-28.02,15.32,12.88
0.01,0.74,1.57,-33.51,11.9,5.92
0.04,0.61,1.56,-21.85,34.73,-5.74
0.1,0.56,1.41,-7.51,62.99,2.62
0.14,0.65,1.27,-3.72,77.58,11.35
0.23,0.8,0.86,18.07,97.6,16.85
0.26,0.82,0.71,27.4,97.35,15.14
0.3,0.99,0.5,32.9,88.32,12.7
0.27,1.03,0.36,35.46,73.18,-8.06
0.23,0.96,0.35,31.62,64.33,-22.03
0.16,0.91,0.48,4.64,55.97,-41.99
0.11,0.95,0.54,-19.41,61.77,-50.35
-0.01,0.95,0.57,-61.34,88.01,-74.52
-0.2,0.75,0.27,-39.37,130.19,-92.1
-0.3,0.64,-0.04,-3.17,152.4,-89.9
-0.52,0.18,-0.28,54.38,151.43,-67.75
-0.63,-0.09,-0.11,67.57,140.26,-41.2
-0.95,-0.05,-0.09,76.29,184.57,57.19
-1.36,0.67,-0.97,104.0,287.35,170.23
-1.51,0.98,-1.52,140.2,318.48,220.58
-1.35,1.62,-2.34,236.63,282.04,320.01
-0.95,2.18,-2.66,262.08,239.69,377.2
0.04,3.39,-2.28,217.04,79.53,432.8
0.45,4.0,0.05,-30.64,-55.3,421.81
0.66,4.0,0.2,-96.19,-1.53,314.64
-0.21,4.0,-0.86,-142.03,73.0,-276.0
-0.97,2.39,-0.88,-158.87,23.74,-562.74
-1.18,-0.51,-0.41,-205.81,-62.62,-667.05
-1.12,-1.46,-0.72,-255.8,-26.61,-475.28
-1.04,-1.32,-1.07,-229.55,-7.51,-292.24
-1.11,0.42,-1.6,-123.35,15.01,-17.33
-1.05,0.62,-2.04,-28.26,-3.17,8.48
-0.92,0.68,-1.8,35.83,-167.6,27.77
-0.97,0.54,-0.12,28.5,-309.39,27.95
-0.85,0.71,0.45,24.54,-299.26,39.73
-0.58,1.19,0.65,31.07,-191.83,56.4
-0.43,1.25,0.52,34.3,-143.68,45.9
-0.21,1.14,0.06,35.28,-83.92,18.98
-0.12,0.94,-0.12,-13.0,-88.26,16.42
0.03,0.96,0.11,-47.18,-107.79,21.91
0.23,0.78,0.57,-52.92,-117.0,18.07
0.31,0.57,0.63,-21.36,-106.93,15.32
0.43,0.34,0.57,55.3,-92.16,53.41
0.44,0.5,0.85,93.69,-109.92,126.53
0.35,1.25,1.04,98.33,-116.58,142.03
0.5,1.41,1.35,67.57,-107.42,96.25
0.54,1.38,1.23,41.5,-80.02,65.37
0.57,1.27,0.84,-25.76,-56.15,15.26
0.54,0.99,0.82,-66.47,-99.55,-24.72
0.34,0.59,0.94,-73.3,-125.24,-18.62
0.15,0.74,1.26,-48.65,-157.41,9.83
0.01,0.92,1.51,-35.22,-167.72,17.15
-0.19,1.3,2.43,-8.42,-183.96,7.39
-0.16,1.17,2.71,93.51,-111.82,-76.66
-0.1,0.37,2.5,112.55,-58.17,-96.56
0.08,-0.04,2.28,49.13,18.92,-76.9
0.13,-0.13,2.01,15.38,61.89,-59.27
0.17,-0.19,1.14,-10.01,127.75,-17.46
0.16,-0.13,0.79,3.42,117.86,30.64
0.25,0.29,0.62,5.19,93.08,47.67
0.33,0.64,1.02,-8.48,43.64,50.35
0.35,0.57,1.15,-12.57,36.62,39.18
0.35,0.61,1.25,-14.28,45.35,36.07
0.35,0.62,1.11,-25.45,73.43,26.92
0.4,0.67,0.91,-29.97,74.16,24.41
0.42,0.85,0.72,-22.83,78.06,17.76
0.43,0.88,0.64,-21.85,77.03,9.83
0.38,0.85,0.56,-32.9,68.05,-7.2
0.37,0.9,0.53,-43.82,61.77,-13.98
0.28,0.95,0.51,-47.79,58.29,-21.73
0.14,0.92,0.5,-48.89,54.81,-37.96
0.05,0.9,0.47,-42.18,58.47,-42.48
-0.16,0.8,0.57,-32.84,64.82,-47.61
-0.26,0.73,0.64,-21.97,101.81,-44.25
-0.51,0.59,0.53,-14.16,131.29,-36.38
-0.74,0.64,0.07,23.93,199.65,-8.48
-0.91,0.71,-0.27,53.22,234.01,7.57
-1.19,0.87,-0.95,101.81,269.53,45.65
-1.28,0.96,-1.22,136.41,259.28,95.34
-1.22,1.02,-1.59,149.96,244.38,127.81
-0.71,1.49,-1.6,167.72,215.82,220.64
-0.46,2.2,-1.58,151.0,215.27,274.66
0.09,3.66,-1.73,60.06,196.59,285.89
0.36,4.0,-1.8,-81.67,104.13,124.39
0.47,3.99,-1.48,-119.14,33.14,-37.78
-0.24,1.54,-0.94,-122.86,-87.04,-354.49
-0.45,0.81,-0.82,-125.12,-109.99,-391.72
-0.61,-0.56,-1.11,-115.42,-101.68,-322.33
-0.57,-0.22,-1.25,-47.12,-109.92,-111.63
-0.87,0.34,-1.38,-6.23,-120.97,-75.81
-0.71,0.63,-1.14,29.42,-173.52,-14.77
-0.66,0.76,-0.8,31.62,-198.24,-1.28
-0.62,1.11,-0.36,24.84,-194.4,4.46
-0.57,1.25,-0.23,8.24,-172.85,-9.83
-0.39,1.23,0.14,-22.22,-164.49,-22.16
-0.17,1.03,0.26,-29.48,-129.94,-37.9
-0.07,0.91,0.24,-30.7,-115.3,-40.28
0.09,0.8,0.5,-56.15,-112.49,-29.05
0.2,0.78,0.59,-59.02,-85.14,-16.72
0.35,0.73,0.52,-38.21,-70.19,-13.12
0.45,0.67,0.45,-10.5,-67.38,-5.07
0.47,0.67,0.5,-2.26,-75.93,1.34
0.52,0.72,0.77,0.79,-94.36,18.55
0.53,0.72,0.87,7.87,-79.16,29.3
0.56,0.73,1.02,14.04,-86.85,36.01
0.64,0.84,1.13,12.88,-76.17,47.97
0.65,0.92,1.15,11.29,-67.75,47.85
0.61,0.99,1.07,-8.79,-53.71,28.02
0.58,0.93,0.99,-23.01,-52.25,-4.82
0.54,0.55,0.89,-49.62,-67.81,-15.56
0.42,0.34,1.06,-61.04,-105.47,6.77
0.29,0.56,1.39,-67.26,-125.85,33.39
0.32,1.12,2.05,-31.07,-119.57,59.88
0.29,1.07,1.96,25.15,-77.03,22.09
0.28,0.81,1.27,74.16,-3.91,13.37
0.29,0.76,1.25,33.81,-25.94,2.69
0.28,0.73,1.39,10.74,-36.74,-3.78
0.29,0.51,1.43,-3.36,-21.91,-21.85
0.29,0.4,1.35,-8.79,-8.79,-5.25
0.33,0.45,1.24,-8.61,6.23,-0.79
0.37,0.47,1.11,-5.31,19.9,6.35
0.39,0.47,1.02,-0.49,25.76,8.79
0.42,0.48,0.84,4.03,28.93,14.1
0.42,0.54,0.84,-0.67,23.56,19.29
0.39,0.76,0.9,-11.96,18.37,26.55
0.35,0.81,0.94,-16.54,22.09,16.6
0.32,0.83,0.95,-21.73,27.65,12.15
0.24,0.86,0.91,-29.11,46.57,1.16
0.2,0.87,0.86,-34.85,56.82,-5.31
0.11,0.76,0.69,-36.99,76.54,-20.69
-0.02,0.65,0.57,-39.55,89.05,-20.94
-0.09,0.62,0.5,-36.38,97.11,-15.08
-0.24,0.6,0.41,-24.6,115.84,-1.4
-0.33,0.64,0.33,-13.24,129.09,6.1
-0.53,0.67,-0.0,29.54,165.71,17.82
-0.73,0.51,-0.26,72.08,182.98,32.71
-0.83,0.45,-0.41,93.93,190.49,46.94
-1.06,0.6,-0.75,134.77,211.91,97.96
-1.17,0.88,-1.05,156.8,232.24,135.68
-1.14,1.93,-1.77,175.96,251.83,224.67
-0.54,3.29,-1.79,77.45,184.88,236.88
-0.07,3.59,-1.55,16.54,140.99,178.41
0.42,2.99,-0.99,-67.14,79.35,-22.71
0.51,2.34,-0.85,-85.82,73.55,-119.02
0.44,0.94,-1.3,-63.54,65.61,-206.91
0.14,0.6,-1.19,-83.86,-44.37,-145.45
0.03,0.74,-0.81,-126.4,-105.53,-109.92
-0.25,0.86,-0.18,-151.79,-142.03,-33.69
-0.38,1.24,-0.03,-126.34,-121.7,-2.08
-0.68,1.27,-0.62,-29.24,-27.16,-32.71
-0.73,1.53,-1.55,14.4,2.81,-24.72
-0.73,1.45,-1.55,4.88,-46.2,-36.32
-0.71,0.79,-0.58,-16.05,-166.63,-69.58
-0.65,0.58,-0.14,-10.74,-184.14,-60.36
-0.49,0.4,0.3,14.28,-144.9,-11.84
-0.38,0.83,0.15,22.83,-70.13,49.74
-0.15,1.07,-0.12,34.67,-39.31,63.17
0.03,1.21,-0.4,45.29,-43.76,48.83
0.11,1.21,-0.23,37.72,-71.9,39.98
0.24,0.98,0.32,21.85,-108.58,20.2
0.32,0.74,0.68,14.77,-103.76,9.58
0.39,0.68,0.86,13.67,-99.24,14.4
0.48,0.81,1.16,16.6,-73.12,40.95
0.53,0.95,1.2,27.65,-49.8,49.87
0.61,1.09,1.02,37.29,-5.19,42.11
0.65,1.11,0.81,12.02,9.95,16.72
0.73,0.99,0.7,-2.56,9.28,0.24
0.74,0.62,0.7,-28.32,-19.47,-15.08
0.72,0.58,0.79,-36.38,-39.73,-5.19
0.66,0.7,0.78,-27.16,-57.25,16.78
0.6,0.8,0.87,-35.28,-80.69,25.63
0.49,1.15,1.16,-55.91,-101.38,27.04
0.45,1.12,1.38,-21.3,-99.98,-11.47
0.39,0.91,1.27,10.25,-83.37,-36.56
0.32,0.62,1.17,35.46,-78.12,-51.39
0.32,0.57,1.37,50.23,-86.91,-53.53
0.28,0.31,1.4,57.98,-79.53,-54.38
0.29,0.24,1.41,51.7,-53.53,-35.89
0.29,0.21,1.37,44.56,-39.67,-26.98
0.33,0.25,1.32,16.91,-19.47,-8.42
0.34,0.28,1.33,-13.67,-5.19,8.67
0.35,0.38,1.28,-17.27,6.16,14.89
0.35,0.55,1.08,-24.78,27.95,25.76
0.37,0.64,1.0,-27.77,32.65,27.4
0.38,0.66,0.83,-19.53,36.32,18.8
0.38,0.65,0.7,-7.69,32.53,18.86
0.29,0.7,0.59,-12.21,22.58,22.64
0.17,0.92,0.81,-46.02,2.75,26.92
0.1,0.98,0.94,-57.74,1.77,20.26
-0.05,0.85,0.99,-61.95,22.4,-0.61
-0.12,0.74,0.88,-55.6,58.11,-4.03
-0.24,0.64,0.55,-48.52,69.95,2.38
-0.35,0.65,0.46,-36.13,77.03,21.06
-0.44,0.67,0.42,-26.18,86.06,30.33
-0.65,0.82,0.27,3.72,116.39,47.3
-0.79,0.89,0.15,50.54,159.67,49.19
-1.02,0.86,-0.23,69.64,185.24,46.08
-1.23,0.87,-0.73,93.93,229.31,50.9
-1.3,0.88,-0.95,97.96,242.61,63.29
-1.21,0.89,-1.44,100.4,255.55,110.9
-1.0,1.08,-1.74,161.74,236.08,233.7
-0.48,2.84,-1.97,144.65,196.11,306.7
0.35,4.0,-1.19,-27.16,85.94,287.9
0.57,4.0,-0.87,-106.69,69.15,166.69
-0.13,3.99,-1.15,-146.36,92.53,-271.79
-0.71,2.33,-1.34,-126.95,20.94,-584.59
-1.07,-0.22,-1.06,-121.58,-30.76,-568.12
-0.82,-1.09,-0.37,-173.28,-109.19,-379.76
-0.69,-0.86,-0.25,-179.99,-103.03,-240.54
-0.65,0.0,-0.99,-126.95,-31.68,-44.8
-0.55,0.74,-1.38,-14.16,-15.81,22.83
-0.63,1.23,-1.83,14.22,-47.49,8.85
-0.56,1.22,-0.89,-30.94,-193.12,-5.62
-0.51,1.01,-0.12,-49.87,-238.34,-22.46
-0.32,0.53,0.51,-26.12,-181.64,-43.95
-0.19,0.45,0.32,-12.02,-79.65,-10.01
0.01,0.59,-0.03,-9.77,-67.99,13.0
0.21,0.89,0.08,-10.93,-74.34,46.45
0.3,0.95,0.19,-3.42,-76.29,47.97
0.51,1.05,0.38,28.56,-81.3,47.24
0.57,1.06,0.51,49.93,-82.82,39.86
0.61,1.08,0.7,73.61,-71.17,35.95
0.76,1.01,0.72,23.19,-33.63,24.96
0.84,0.98,0.76,-16.11,-18.92,24.23
0.91,0.94,0.6,-59.88,13.49,20.39
0.99,0.88,0.32,-43.76,24.29,17.82
1.04,0.76,-0.17,44.37,-14.83,24.9
0.79,1.09,0.11,54.14,-122.8,23.93
0.39,1.3,0.5,10.01,-190.8,2.08
-0.85,1.75,3.01,-208.5,-396.48,-60.36
-1.63,2.01,4.0,-323.61,-506.1,-183.9
-1.16,-0.56,4.0,-132.26,-296.08,-256.9
-0.64,-1.21,2.68,151.73,374.45,-40.71
-0.23,-0.24,0.61,226.56,485.84,111.57
0.44,1.2,-0.99,160.03,326.29,169.49
0.62,1.19,-0.92,69.21,209.47,53.83
0.69,0.8,-0.34,-49.68,73.12,27.34
0.62,0.73,0.49,-91.55,10.19,11.17
0.59,0.67,0.81,-76.97,2.5,6.65
0.54,0.53,1.06,-28.81,22.89,15.44
0.57,0.55,1.01,-3.78,42.42,62.13
0.64,0.92,0.53,35.89,75.93,70.8
0.66,1.41,0.26,54.5,61.83,72.57
0.69,1.45,0.16,55.3,52.37,52.55
0.66,1.51,0.03,44.92,25.27,4.52
0.61,1.33,0.16,23.5,2.87,-58.96
0.5,0.86,0.43,-30.09,-22.95,-70.62
0.38,0.53,0.64,-70.68,-23.86,-75.07
0.3,0.43,0.69,-78.19,-16.6,-68.6
0.11,0.34,0.56,-54.63,10.01,-42.18
0.01,0.35,0.52,-42.48,20.81,-26.79
-0.24,0.45,0.51,-19.35,45.84,-1.95
-0.53,0.62,0.21,25.02,97.11,7.81
-0.71,0.58,-0.07,47.85,127.69,5.98
-0.91,0.65,-0.63,63.96,180.91,15.01
-1.01,0.77,-0.91,64.58,202.82,32.04
-1.0,0.71,-1.28,57.37,225.52,62.01
-0.65,0.43,-1.76,113.77,235.66,133.0
-0.45,0.77,-2.07,168.82,235.05,208.68
-0.0,2.87,-2.42,172.3,175.66,359.19
0.33,3.78,-2.17,86.43,101.44,350.34
0.85,4.0,-0.96,-98.27,-36.13,142.76
0.26,2.84,-1.02,-148.93,-10.62,-247.38
-0.11,1.46,-1.34,-126.04,-13.49,-372.92
-0.52,-0.03,-1.65,-112.79,-75.13,-371.34
-0.52,-0.12,-1.69,-128.6,-100.77,-310.12
-0.58,-0.2,-1.43,-114.07,-165.89,-115.11
-0.59,0.9,-0.54,-71.66,-180.24,18.37
-0.55,0.94,-0.62,-18.43,-143.55,5.19
-0.49,0.98,-0.63,-10.07,-118.16,-10.13
-0.46,1.05,-0.39,-30.7,-121.7,-15.69
-0.32,0.95,-0.14,-29.11,-98.39,-37.11
-0.18,0.51,-0.14,-7.63,-67.57,-42.18
-0.07,0.38,-0.09,-8.91,-60.24,-24.6
0.08,0.53,-0.21,-8.97,-32.47,28.99
0.15,0.63,-0.24,-10.38,-28.08,49.74
0.29,0.76,-0.02,-3.97,-38.82,74.46
0.39,0.82,0.08,39.67,-34.42,86.73
0.44,0.77,0.1,58.78,-33.63,89.48
0.48,0.97,0.41,60.36,-43.82,113.28
0.46,1.11,0.55,57.56,-38.09,121.83
0.55,1.41,0.71,54.02,-9.34,119.87
0.62,1.67,0.59,75.87,19.47,89.23
0.71,1.57,0.44,79.9,28.32,58.96
0.79,1.14,0.31,57.07,13.12,8.18
0.84,1.05,0.38,46.14,-6.59,1.34
0.85,1.22,0.59,39.18,-44.19,-3.6
0.79,1.32,0.72,33.51,-83.8,-42.91
0.56,1.36,1.01,9.46,-121.15,-67.93
0.01,1.58,2.44,-60.91,-211.98,-117.37
-0.16,1.22,3.02,-54.5,-220.03,-159.48
-0.03,-0.1,3.44,26.25,-136.29,-199.22
0.06,-0.55,2.2,96.37,43.76,-112.98
0.35,-0.38,1.5,95.89,95.52,-53.28
0.48,0.09,0.88,45.17,95.28,-2.14
0.5,0.14,0.97,8.06,75.68,-2.38
0.52,0.11,0.99,-32.23,76.17,-2.08
0.55,0.11,0.78,-36.44,88.56,8.06
0.58,0.06,0.72,-36.74,85.88,17.7
0.61,0.16,0.64,-37.84,79.9,46.88
0.62,0.31,0.58,-38.45,78.92,61.52
0.62,0.72,0.42,-44.07,80.81,73.91
0.68,0.85,0.08,-32.1,77.51,54.08
0.68,0.94,-0.14,-25.33,69.52,42.05
0.65,0.71,-0.19,-31.07,11.9,16.05
0.6,0.65,0.01,-46.88,-20.63,16.24
0.48,0.64,0.47,-71.17,-50.9,29.36
0.44,0.71,0.61,-69.27,-30.76,43.27
0.32,0.75,0.46,-51.27,-11.41,45.59
0.15,0.92,0.08,-20.26,4.33,54.81
0.03,1.04,0.0,-12.08,-0.43,55.05
-0.26,1.22,0.1,0.0,-13.18,33.26
-0.38,1.14,0.21,19.9,7.63,-7.02
-0.68,0.92,0.33,31.98,38.21,-19.71
